Voter ID,County,Candidate
1405627,Harsaw,Vestal
1711723,Mershville,Vestal
1550639,Matterdawn,Vestal
1042621,Harsaw,Vestal
1583965,Matterdawn,Vestal
1943299,Mershville,Vestal
1880982,Harsaw,Torres
1305689,Harsaw,Torres
1759114,Mershville,Vestal
1745020,Matterdawn,Seth
1562401,Harsaw,Vestal
1467337,Porpus,Torres
1091170,Matterdawn,Torres
1947604,Harsaw,Vestal
1400758,Mershville,Torres
1009045,Matterdawn,Vestal
1246891,Matterdawn,Cordin
1744120,Matterdawn,Vestal
1571939,Mershville,Vestal
1936895,Matterdawn,Vestal
1122582,Matterdawn,Torres
1307503,Mershville,Torres
1594030,Harsaw,Torres
1072081,Mershville,Torres
1368919,Mershville,Vestal
1954121,Harsaw,Torres
1427438,Matterdawn,Vestal
1049416,Porpus,Torres
1619112,Harsaw,Torres
1725473,Mershville,Vestal
1502789,Matterdawn,Vestal
1664594,Matterdawn,Vestal
1134736,Harsaw,Vestal
1856175,Harsaw,Vestal
1888113,Matterdawn,Vestal
1346478,Matterdawn,Vestal
1162539,Mershville,Torres
1687715,Matterdawn,Vestal
1171633,Matterdawn,Vestal
1338311,Arrent,Torres
1916790,Harsaw,Vestal
1640988,Harsaw,Torres
1594939,Mershville,Vestal
1409834,Harsaw,Vestal
1849629,Harsaw,Torres
1382965,Harsaw,Vestal
1578213,Matterdawn,Vestal
1400638,Mershville,Vestal
1534342,Harsaw,Vestal
1539179,Mershville,Vestal
1270213,Mershville,Vestal
1314469,Matterdawn,Vestal
1313889,Matterdawn,Vestal
1094074,Mershville,Vestal
1076540,Harsaw,Vestal
1255677,Harsaw,Vestal
1516561,Porpus,Torres
1385922,Harsaw,Vestal
1937621,Matterdawn,Vestal
1589782,Matterdawn,Seth
1132082,Matterdawn,Torres
1026239,Mershville,Torres
1508612,Harsaw,Torres
1991773,Matterdawn,Torres
1515985,Mershville,Vestal
1041391,Matterdawn,Vestal
1026760,Harsaw,Vestal
1524917,Matterdawn,Torres
1777914,Matterdawn,Torres
1408930,Harsaw,Torres
1303002,Harsaw,Torres
1258008,Harsaw,Vestal
1701560,Matterdawn,Vestal
1017866,Porpus,Vestal
1635549,Harsaw,Vestal
1326101,Mershville,Torres
1618491,Matterdawn,Torres
1001778,Mershville,Torres
1905126,Matterdawn,Torres
1306659,Harsaw,Vestal
1981251,Matterdawn,Vestal
1952227,Matterdawn,Vestal
1580919,Mershville,Vestal
1198712,Mershville,Vestal
1035648,Porpus,Vestal
1574127,Mershville,Torres
1157643,Harsaw,Torres
1327037,Harsaw,Vestal
1549615,Harsaw,Torres
1894415,Harsaw,Seth
1902528,Mershville,Torres
1496427,Mershville,Vestal
1776785,Harsaw,Torres
1816105,Harsaw,Vestal
1476970,Mershville,Vestal
1141542,Matterdawn,Torres
1845751,Mershville,Vestal
1010218,Matterdawn,Vestal
1189678,Harsaw,Torres
1749666,Harsaw,Vestal
1241864,Harsaw,Seth
1660290,Harsaw,Cordin
1034563,Mershville,Torres
1173935,Matterdawn,Torres
1254502,Harsaw,Torres
1808880,Matterdawn,Torres
1575474,Matterdawn,Torres
1466759,Harsaw,Vestal
1004813,Arrent,Vestal
1704422,Mershville,Vestal
1983514,Harsaw,Vestal
1941225,Matterdawn,Torres
1524317,Arrent,Torres
1235902,Mershville,Torres
1045917,Arrent,Vestal
1007524,Matterdawn,Vestal
1060110,Matterdawn,Vestal
1649407,Matterdawn,Torres
1977528,Mershville,Vestal
1067795,Harsaw,Torres
1957226,Matterdawn,Cordin
1706977,Harsaw,Torres
1705989,Harsaw,Vestal
1012547,Porpus,Vestal
1508791,Matterdawn,Torres
1387331,Matterdawn,Torres
1943597,Harsaw,Vestal
1711867,Arrent,Vestal
1626454,Porpus,Torres
1694923,Mershville,Cordin
1760473,Harsaw,Cordin
1480124,Porpus,Torres
1716779,Harsaw,Vestal
1152919,Matterdawn,Vestal
1893345,Harsaw,Vestal
1623960,Harsaw,Torres
1421539,Matterdawn,Seth
1809627,Harsaw,Vestal
1024954,Matterdawn,Torres
1996157,Mershville,Torres
1291473,Porpus,Vestal
1913043,Harsaw,Vestal
1346527,Mershville,Torres
1214074,Mershville,Vestal
1434007,Arrent,Cordin
1055592,Harsaw,Torres
1164217,Harsaw,Vestal
1538836,Mershville,Torres
1581872,Matterdawn,Vestal
1425292,Matterdawn,Vestal
1550187,Arrent,Torres
1837846,Matterdawn,Torres
1289908,Mershville,Torres
1164555,Harsaw,Vestal
1489630,Harsaw,Vestal
1424020,Matterdawn,Torres
1149585,Harsaw,Vestal
1150900,Harsaw,Torres
1526672,Mershville,Vestal
1418452,Matterdawn,Vestal
1869082,Mershville,Vestal
1994545,Arrent,Torres
1868013,Harsaw,Torres
1030350,Mershville,Torres
1854903,Mershville,Vestal
1761525,Porpus,Torres
1527876,Arrent,Torres
1856127,Harsaw,Vestal
1354314,Matterdawn,Torres
1162882,Arrent,Torres
1586265,Matterdawn,Vestal
1453832,Harsaw,Torres
1677023,Harsaw,Vestal
1438246,Matterdawn,Vestal
1067114,Harsaw,Torres
1139859,Harsaw,Vestal
1243422,Harsaw,Vestal
1766691,Harsaw,Vestal
1799856,Matterdawn,Torres
1029898,Harsaw,Vestal
1814850,Porpus,Seth
1919174,Harsaw,Torres
1653668,Harsaw,Vestal
1712505,Harsaw,Seth
1965278,Harsaw,Torres
1472956,Matterdawn,Vestal
1952479,Harsaw,Vestal
1240665,Porpus,Vestal
1498355,Porpus,Vestal
1512740,Mershville,Vestal
1229747,Harsaw,Vestal
1444057,Harsaw,Torres
1875176,Harsaw,Torres
1378114,Porpus,Vestal
1395139,Harsaw,Vestal
1892912,Mershville,Seth
1056493,Harsaw,Torres
1890538,Matterdawn,Vestal
1103369,Matterdawn,Vestal
1915047,Matterdawn,Torres
1695969,Arrent,Torres
1350606,Mershville,Torres
1514856,Harsaw,Torres
1523751,Matterdawn,Torres
1905151,Porpus,Torres
1590424,Harsaw,Vestal
1995230,Harsaw,Torres
1554899,Mershville,Seth
1459423,Harsaw,Vestal
1779609,Harsaw,Torres
1888902,Matterdawn,Torres
1905963,Mershville,Torres
1841338,Harsaw,Torres
1133460,Harsaw,Torres
1338578,Porpus,Vestal
1037734,Matterdawn,Torres
1483893,Harsaw,Vestal
1233558,Porpus,Torres
1386073,Harsaw,Torres
1965527,Porpus,Torres
1366870,Harsaw,Torres
1049584,Porpus,Torres
1327462,Harsaw,Torres
1573929,Harsaw,Seth
1929013,Mershville,Torres
1883240,Harsaw,Seth
1439550,Matterdawn,Vestal
1411553,Porpus,Vestal
1617620,Mershville,Torres
1366274,Mershville,Torres
1825893,Matterdawn,Torres
1305932,Harsaw,Torres
1042879,Harsaw,Torres
1472908,Matterdawn,Vestal
1350373,Harsaw,Torres
1009688,Harsaw,Torres
1286071,Mershville,Torres
1983247,Harsaw,Torres
1102411,Mershville,Vestal
1035606,Mershville,Vestal
1667568,Matterdawn,Vestal
1955614,Matterdawn,Vestal
1045362,Matterdawn,Torres
1896030,Harsaw,Vestal
1727381,Arrent,Torres
1251962,Harsaw,Vestal
1727720,Matterdawn,Vestal
1940796,Porpus,Vestal
1325159,Porpus,Vestal
1882122,Harsaw,Torres
1536610,Porpus,Torres
1077387,Harsaw,Torres
1805620,Matterdawn,Vestal
1429561,Harsaw,Torres
1107315,Mershville,Torres
1618478,Harsaw,Torres
1104225,Harsaw,Torres
1323243,Porpus,Cordin
1049478,Mershville,Vestal
1176925,Mershville,Vestal
1581359,Matterdawn,Vestal
1117100,Mershville,Vestal
1431205,Matterdawn,Torres
1131797,Harsaw,Vestal
1310231,Porpus,Torres
1109324,Matterdawn,Vestal
1180449,Matterdawn,Torres
1530962,Harsaw,Vestal
1228491,Porpus,Torres
1696164,Harsaw,Vestal
1580145,Porpus,Torres
1295693,Mershville,Torres
1723484,Harsaw,Torres
1440187,Harsaw,Vestal
1861354,Matterdawn,Vestal
1559018,Harsaw,Torres
1741234,Mershville,Vestal
1300030,Mershville,Vestal
1578808,Mershville,Vestal
1507643,Harsaw,Vestal
1529957,Harsaw,Seth
1200593,Porpus,Vestal
1529078,Harsaw,Torres
1227803,Harsaw,Torres
1912996,Matterdawn,Vestal
1070206,Arrent,Vestal
1047849,Harsaw,Vestal
1701479,Harsaw,Vestal
1346301,Harsaw,Vestal
1929664,Mershville,Torres
1579022,Porpus,Torres
1328814,Porpus,Vestal
1223878,Mershville,Vestal
1870396,Mershville,Vestal
1502493,Matterdawn,Vestal
1000386,Matterdawn,Vestal
1981755,Harsaw,Vestal
1075329,Matterdawn,Cordin
1624209,Harsaw,Vestal
1501174,Mershville,Torres
1497701,Harsaw,Torres
1658988,Harsaw,Vestal
1644008,Harsaw,Vestal
1291798,Harsaw,Vestal
1043407,Matterdawn,Torres
1389753,Arrent,Vestal
1686078,Porpus,Torres
1486492,Mershville,Torres
1961187,Harsaw,Vestal
1439190,Mershville,Torres
1444772,Matterdawn,Vestal
1183303,Matterdawn,Vestal
1326423,Harsaw,Torres
1773422,Porpus,Vestal
1081325,Harsaw,Vestal
1897033,Porpus,Vestal
1983829,Harsaw,Vestal
1518575,Matterdawn,Torres
1461293,Matterdawn,Torres
1619023,Harsaw,Torres
1808047,Matterdawn,Vestal
1635633,Harsaw,Torres
1719341,Matterdawn,Torres
1747979,Harsaw,Torres
1877949,Matterdawn,Torres
1602013,Matterdawn,Torres
1128050,Harsaw,Torres
1414543,Harsaw,Torres
1127601,Mershville,Torres
1183415,Arrent,Torres
1824211,Harsaw,Vestal
1982564,Harsaw,Torres
1370064,Mershville,Torres
1944494,Harsaw,Vestal
1093129,Harsaw,Vestal
1283293,Mershville,Torres
1589665,Mershville,Vestal
1543600,Harsaw,Torres
1325203,Mershville,Vestal
1920893,Harsaw,Torres
1582091,Matterdawn,Vestal
1437970,Harsaw,Torres
1338977,Mershville,Vestal
1078051,Harsaw,Vestal
1356600,Mershville,Vestal
1161832,Mershville,Torres
1099541,Harsaw,Vestal
1605635,Matterdawn,Vestal
1974765,Harsaw,Vestal
1709413,Harsaw,Torres
1787604,Arrent,Torres
1414081,Mershville,Torres
1215561,Mershville,Vestal
1012876,Harsaw,Torres
1884056,Porpus,Torres
1680136,Harsaw,Vestal
1137351,Matterdawn,Vestal
1898420,Mershville,Vestal
1583763,Harsaw,Vestal
1036421,Harsaw,Torres
1598079,Harsaw,Torres
1762895,Porpus,Torres
1630800,Matterdawn,Vestal
1598566,Harsaw,Seth
1588479,Mershville,Seth
1473664,Porpus,Vestal
1176517,Harsaw,Vestal
1810413,Matterdawn,Torres
1759324,Matterdawn,Vestal
1687561,Harsaw,Torres
1766186,Matterdawn,Vestal
1423800,Mershville,Torres
1318320,Harsaw,Torres
1849116,Matterdawn,Torres
1352281,Harsaw,Vestal
1034903,Mershville,Vestal
1795752,Mershville,Torres
1404340,Harsaw,Vestal
1078351,Harsaw,Torres
1801181,Arrent,Vestal
1422289,Mershville,Seth
1090684,Porpus,Vestal
1203452,Porpus,Torres
1335144,Matterdawn,Torres
1354517,Harsaw,Torres
1158579,Matterdawn,Seth
1460021,Harsaw,Torres
1939040,Matterdawn,Torres
1077592,Harsaw,Vestal
1455515,Harsaw,Torres
1402575,Matterdawn,Torres
1592125,Harsaw,Torres
1801902,Harsaw,Seth
1454594,Porpus,Torres
1204100,Harsaw,Torres
1673216,Arrent,Vestal
1210718,Harsaw,Vestal
1224723,Harsaw,Torres
1854708,Harsaw,Torres
1114014,Matterdawn,Torres
1315322,Matterdawn,Torres
1892118,Harsaw,Seth
1400247,Porpus,Vestal
1343247,Harsaw,Torres
1688116,Mershville,Vestal
1994633,Harsaw,Torres
1405505,Harsaw,Vestal
1438925,Mershville,Torres
1692135,Matterdawn,Torres
1959278,Harsaw,Torres
1574186,Matterdawn,Vestal
1276321,Matterdawn,Vestal
1940214,Harsaw,Torres
1753429,Harsaw,Torres
1200842,Mershville,Vestal
1892170,Mershville,Cordin
1874212,Mershville,Vestal
1033849,Matterdawn,Vestal
1142648,Mershville,Torres
1233679,Harsaw,Vestal
1290615,Matterdawn,Torres
1731384,Mershville,Torres
1635141,Harsaw,Vestal
1048664,Mershville,Torres
1427925,Harsaw,Vestal
1418263,Harsaw,Vestal
1031460,Mershville,Vestal
1994017,Harsaw,Torres
1450115,Harsaw,Torres
1179084,Matterdawn,Vestal
1547190,Mershville,Vestal
1341712,Harsaw,Torres
1790320,Porpus,Vestal
1932075,Arrent,Vestal
1593926,Mershville,Vestal
1135605,Mershville,Vestal
1358798,Mershville,Vestal
1450796,Harsaw,Vestal
1807103,Matterdawn,Vestal
1376018,Harsaw,Torres
1506661,Matterdawn,Vestal
1438512,Mershville,Torres
1042253,Matterdawn,Torres
1786865,Matterdawn,Seth
1868539,Harsaw,Torres
1477159,Matterdawn,Torres
1243411,Mershville,Torres
1144358,Matterdawn,Torres
1247356,Harsaw,Vestal
1360145,Harsaw,Torres
1462686,Matterdawn,Vestal
1125767,Matterdawn,Torres
1662522,Harsaw,Torres
1736201,Harsaw,Vestal
1650308,Harsaw,Torres
1052076,Matterdawn,Vestal
1745218,Harsaw,Torres
1499874,Matterdawn,Torres
1997528,Harsaw,Vestal
1297140,Matterdawn,Torres
1359513,Harsaw,Torres
1943092,Matterdawn,Vestal
1399797,Porpus,Vestal
1905875,Porpus,Vestal
1679413,Matterdawn,Cordin
1536869,Matterdawn,Torres
1374765,Harsaw,Torres
1854241,Matterdawn,Torres
1588007,Mershville,Vestal
1276752,Harsaw,Torres
1833362,Porpus,Torres
1477799,Porpus,Torres
1445083,Harsaw,Vestal
1060471,Matterdawn,Torres
1609383,Mershville,Vestal
1831773,Matterdawn,Vestal
1431355,Harsaw,Vestal
1023672,Harsaw,Vestal
1426469,Matterdawn,Vestal
1797451,Harsaw,Vestal
1608208,Matterdawn,Vestal
1276559,Harsaw,Vestal
1402605,Harsaw,Vestal
1409334,Mershville,Torres
1905426,Porpus,Vestal
1626458,Porpus,Torres
1497579,Matterdawn,Cordin
1479807,Harsaw,Torres
1740991,Harsaw,Torres
1595953,Matterdawn,Torres
1440647,Porpus,Torres
1382682,Mershville,Seth
1444054,Matterdawn,Vestal
1052890,Harsaw,Torres
1033969,Harsaw,Torres
1496498,Harsaw,Torres
1953844,Matterdawn,Torres
1486007,Mershville,Torres
1011481,Matterdawn,Vestal
1241775,Mershville,Torres
1780483,Harsaw,Vestal
1514457,Matterdawn,Torres
1811266,Harsaw,Vestal
1459263,Mershville,Vestal
1600903,Harsaw,Torres
1043878,Harsaw,Torres
1797946,Matterdawn,Vestal
1436331,Mershville,Vestal
1831280,Harsaw,Torres
1158519,Porpus,Vestal
1709780,Arrent,Torres
1539915,Harsaw,Torres
1776165,Matterdawn,Vestal
1565635,Arrent,Torres
1826325,Porpus,Torres
1245730,Harsaw,Vestal
1278572,Harsaw,Cordin
1994643,Matterdawn,Torres
1045120,Harsaw,Vestal
1892445,Porpus,Seth
1802977,Harsaw,Vestal
1902129,Harsaw,Vestal
1783745,Matterdawn,Torres
1063026,Harsaw,Vestal
1022064,Mershville,Torres
1026065,Porpus,Seth
1671339,Mershville,Torres
1275283,Harsaw,Vestal
1048195,Harsaw,Torres
1968598,Harsaw,Vestal
1427930,Mershville,Seth
1321054,Arrent,Torres
1777583,Porpus,Vestal
1562750,Matterdawn,Vestal
1808506,Matterdawn,Vestal
1077985,Mershville,Vestal
1144469,Porpus,Torres
1333218,Matterdawn,Torres
1282427,Harsaw,Torres
1528533,Porpus,Vestal
1319361,Mershville,Torres
1377445,Mershville,Torres
1022043,Harsaw,Vestal
1279343,Mershville,Torres
1244691,Matterdawn,Vestal
1442155,Mershville,Vestal
1655396,Harsaw,Torres
1471193,Matterdawn,Vestal
1068056,Matterdawn,Vestal
1694065,Harsaw,Torres
1506034,Harsaw,Vestal
1762233,Harsaw,Vestal
1289224,Harsaw,Torres
1367461,Harsaw,Torres
1507824,Matterdawn,Torres
1021961,Harsaw,Torres
1739051,Matterdawn,Vestal
1416879,Mershville,Vestal
1611613,Harsaw,Cordin
1450361,Porpus,Torres
1152364,Matterdawn,Vestal
1903762,Mershville,Torres
1968918,Mershville,Torres
1775296,Harsaw,Vestal
1332930,Harsaw,Vestal
1503915,Matterdawn,Torres
1450235,Harsaw,Cordin
1318523,Harsaw,Torres
1910237,Matterdawn,Vestal
1124965,Matterdawn,Torres
1087668,Harsaw,Torres
1542579,Harsaw,Vestal
1815685,Matterdawn,Torres
1288180,Matterdawn,Torres
1337876,Matterdawn,Seth
1063468,Matterdawn,Vestal
1062291,Harsaw,Torres
1775736,Mershville,Torres
1675450,Harsaw,Vestal
1380425,Mershville,Torres
1769900,Mershville,Torres
1470765,Arrent,Vestal
1422136,Harsaw,Vestal
1650870,Mershville,Vestal
1873567,Mershville,Seth
1870340,Porpus,Vestal
1740966,Harsaw,Vestal
1945350,Harsaw,Torres
1220044,Harsaw,Vestal
1908986,Harsaw,Vestal
1537797,Porpus,Torres
1977724,Porpus,Torres
1852385,Harsaw,Torres
1588699,Harsaw,Vestal
1621728,Porpus,Torres
1081976,Mershville,Vestal
1049139,Harsaw,Vestal
1489673,Mershville,Vestal
1539551,Matterdawn,Torres
1441592,Matterdawn,Vestal
1211416,Harsaw,Torres
1078028,Harsaw,Torres
1818928,Harsaw,Vestal
1469360,Harsaw,Vestal
1470670,Harsaw,Vestal
1107804,Harsaw,Vestal
1806647,Mershville,Vestal
1894992,Mershville,Seth
1214356,Harsaw,Torres
1970202,Mershville,Torres
1786706,Harsaw,Torres
1560580,Harsaw,Vestal
1917559,Matterdawn,Torres
1564550,Harsaw,Vestal
1568470,Harsaw,Torres
1875874,Mershville,Torres
1121363,Harsaw,Torres
1310237,Mershville,Vestal
1245840,Porpus,Torres
1100659,Harsaw,Torres
1739249,Harsaw,Torres
1460164,Harsaw,Torres
1734515,Matterdawn,Vestal
1256862,Mershville,Torres
1564737,Harsaw,Vestal
1945038,Mershville,Vestal
1042294,Mershville,Torres
1944416,Harsaw,Vestal
1035389,Matterdawn,Vestal
1778166,Harsaw,Vestal
1716879,Harsaw,Torres
1160609,Porpus,Torres
1617811,Matterdawn,Vestal
1689866,Porpus,Torres
1025268,Matterdawn,Seth
1876958,Harsaw,Seth
1427157,Harsaw,Torres
1016075,Harsaw,Vestal
1847494,Harsaw,Cordin
1524558,Harsaw,Vestal
1569952,Harsaw,Torres
1203009,Matterdawn,Vestal
1633412,Mershville,Vestal
1960572,Mershville,Seth
1111811,Harsaw,Seth
1327952,Matterdawn,Vestal
1284405,Mershville,Torres
1207316,Matterdawn,Vestal
1014100,Harsaw,Cordin
1705500,Porpus,Torres
1511391,Harsaw,Vestal
1407886,Harsaw,Torres
1684761,Harsaw,Seth
1573786,Mershville,Torres
1359365,Harsaw,Torres
1066788,Matterdawn,Torres
1018669,Harsaw,Torres
1106682,Harsaw,Vestal
1118482,Mershville,Torres
1934278,Matterdawn,Vestal
1868635,Porpus,Vestal
1899091,Harsaw,Vestal
1534933,Harsaw,Torres
1837851,Harsaw,Torres
1844052,Harsaw,Seth
1522685,Porpus,Torres
1257580,Matterdawn,Cordin
1963720,Matterdawn,Vestal
1735988,Harsaw,Vestal
1830524,Arrent,Vestal
1873285,Matterdawn,Vestal
1271486,Mershville,Torres
1910389,Arrent,Torres
1574896,Matterdawn,Vestal
1147231,Harsaw,Vestal
1568511,Matterdawn,Torres
1908535,Harsaw,Torres
1046170,Harsaw,Torres
1379482,Matterdawn,Torres
1740378,Porpus,Torres
1516835,Porpus,Vestal
1818244,Matterdawn,Vestal
1949269,Mershville,Torres
1470038,Harsaw,Vestal
1498036,Harsaw,Vestal
1972425,Porpus,Torres
1359135,Porpus,Vestal
1843646,Matterdawn,Vestal
1561121,Harsaw,Torres
1338197,Porpus,Vestal
1282615,Harsaw,Vestal
1497861,Mershville,Torres
1447992,Arrent,Vestal
1811965,Porpus,Vestal
1473365,Harsaw,Vestal
1236067,Matterdawn,Torres
1653356,Harsaw,Vestal
1468892,Matterdawn,Torres
1358105,Harsaw,Torres
1663686,Harsaw,Torres
1007911,Mershville,Torres
1683173,Mershville,Torres
1810919,Mershville,Vestal
1478233,Mershville,Torres
1690073,Matterdawn,Vestal
1590416,Harsaw,Torres
1841609,Porpus,Vestal
1374347,Matterdawn,Vestal
1441410,Harsaw,Torres
1278725,Matterdawn,Seth
1471759,Porpus,Seth
1317195,Matterdawn,Cordin
1378330,Matterdawn,Vestal
1350487,Matterdawn,Torres
1193266,Matterdawn,Torres
1443860,Matterdawn,Vestal
1366959,Mershville,Torres
1122956,Harsaw,Vestal
1964074,Matterdawn,Vestal
1474018,Mershville,Seth
1816187,Mershville,Torres
1359774,Matterdawn,Torres
1803119,Harsaw,Torres
1940076,Harsaw,Torres
1636577,Mershville,Vestal
1205720,Matterdawn,Torres
1077777,Matterdawn,Vestal
1103781,Matterdawn,Torres
1530557,Mershville,Torres
1771845,Matterdawn,Seth
1213997,Arrent,Vestal
1788695,Arrent,Torres
1149686,Harsaw,Vestal
1493707,Harsaw,Torres
1842646,Harsaw,Seth
1723420,Arrent,Torres
1161048,Porpus,Seth
1840434,Harsaw,Vestal
1173943,Mershville,Torres
1238540,Mershville,Torres
1052322,Harsaw,Vestal
1457023,Harsaw,Vestal
1284721,Matterdawn,Vestal
1584683,Harsaw,Torres
1833584,Harsaw,Torres
1179439,Harsaw,Torres
1172937,Porpus,Torres
1901655,Matterdawn,Torres
1242972,Mershville,Vestal
1945441,Harsaw,Seth
1892319,Harsaw,Torres
1306600,Harsaw,Vestal
1590338,Porpus,Vestal
1023101,Matterdawn,Torres
1963620,Harsaw,Torres
1075512,Arrent,Torres
1868707,Harsaw,Vestal
1844206,Harsaw,Vestal
1170921,Harsaw,Vestal
1646300,Porpus,Torres
1277681,Mershville,Cordin
1137823,Harsaw,Torres
1081024,Harsaw,Seth
1871242,Arrent,Torres
1683026,Harsaw,Torres
1471703,Matterdawn,Torres
1393563,Mershville,Vestal
1288432,Mershville,Torres
1671842,Harsaw,Torres
1576037,Matterdawn,Vestal
1942347,Porpus,Vestal
1862221,Mershville,Vestal
1100678,Mershville,Vestal
1719768,Mershville,Torres
1730219,Mershville,Vestal
1406717,Harsaw,Torres
1150203,Porpus,Vestal
1016102,Harsaw,Torres
1295981,Arrent,Seth
1921363,Harsaw,Vestal
1543605,Harsaw,Seth
1294437,Harsaw,Torres
1096243,Mershville,Vestal
1002382,Mershville,Vestal
1977584,Harsaw,Vestal
1792937,Harsaw,Seth
1467678,Harsaw,Torres
1361407,Porpus,Torres
1720630,Porpus,Torres
1827395,Porpus,Vestal
1546977,Harsaw,Vestal
1077710,Mershville,Torres
1680393,Mershville,Vestal
1858337,Matterdawn,Seth
1216725,Harsaw,Vestal
1563157,Mershville,Torres
1463966,Matterdawn,Seth
1579876,Harsaw,Vestal
1640450,Matterdawn,Torres
1258945,Porpus,Vestal
1532720,Matterdawn,Seth
1321228,Matterdawn,Vestal
1387394,Mershville,Torres
1729283,Harsaw,Torres
1791273,Matterdawn,Vestal
1534608,Matterdawn,Torres
1313402,Arrent,Vestal
1639859,Porpus,Torres
1269722,Porpus,Vestal
1648452,Arrent,Vestal
1052549,Matterdawn,Torres
1663899,Harsaw,Torres
1727768,Matterdawn,Torres
1210981,Mershville,Vestal
1849436,Harsaw,Torres
1223132,Mershville,Vestal
1241578,Harsaw,Torres
1679392,Matterdawn,Seth
1302073,Harsaw,Vestal
1045337,Matterdawn,Seth
1673517,Mershville,Torres
1468405,Harsaw,Vestal
1275886,Porpus,Torres
1827824,Harsaw,Torres
1547437,Harsaw,Seth
1829106,Harsaw,Torres
1083742,Harsaw,Vestal
1859751,Harsaw,Cordin
1746037,Porpus,Vestal
1348058,Harsaw,Torres
1133767,Matterdawn,Torres
1340876,Matterdawn,Vestal
1943229,Matterdawn,Vestal
1155217,Porpus,Vestal
1209180,Arrent,Torres
1562674,Mershville,Vestal
1027951,Porpus,Vestal
1189684,Mershville,Vestal
1547334,Harsaw,Torres
1171070,Porpus,Seth
1465101,Harsaw,Seth
1114577,Arrent,Torres
1782370,Harsaw,Vestal
1408174,Mershville,Torres
1934122,Porpus,Vestal
1257317,Arrent,Vestal
1674402,Mershville,Torres
1729564,Porpus,Torres
1697427,Matterdawn,Vestal
1667841,Matterdawn,Vestal
1800809,Harsaw,Torres
1598473,Mershville,Torres
1059555,Harsaw,Vestal
1437699,Arrent,Vestal
1377149,Mershville,Torres
1829395,Matterdawn,Vestal
1307141,Harsaw,Torres
1066519,Matterdawn,Vestal
1829139,Matterdawn,Cordin
1085829,Mershville,Vestal
1347829,Mershville,Torres
1329619,Harsaw,Vestal
1239492,Harsaw,Torres
1980423,Mershville,Torres
1383140,Harsaw,Torres
1239355,Harsaw,Torres
1916659,Harsaw,Torres
1607026,Mershville,Vestal
1722333,Harsaw,Vestal
1415329,Harsaw,Torres
1566555,Harsaw,Vestal
1802583,Mershville,Torres
1507200,Harsaw,Torres
1232612,Arrent,Vestal
1378016,Porpus,Vestal
1057745,Mershville,Vestal
1349267,Porpus,Torres
1844409,Harsaw,Torres
1702666,Mershville,Vestal
1663209,Porpus,Vestal
1883291,Matterdawn,Torres
1100707,Matterdawn,Seth
1160480,Matterdawn,Vestal
1902184,Mershville,Torres
1508457,Matterdawn,Vestal
1288936,Harsaw,Vestal
1913782,Harsaw,Torres
1540751,Harsaw,Seth
1071684,Matterdawn,Torres
1944077,Harsaw,Cordin
1084094,Harsaw,Torres
1556645,Matterdawn,Vestal
1844651,Harsaw,Vestal
1840341,Harsaw,Vestal
1916967,Harsaw,Vestal
1577301,Harsaw,Vestal
1595763,Matterdawn,Vestal
1855551,Matterdawn,Vestal
1389004,Matterdawn,Torres
1318853,Harsaw,Torres
1000514,Matterdawn,Vestal
1159664,Harsaw,Torres
1727310,Arrent,Vestal
1383137,Harsaw,Torres
1434359,Porpus,Torres
1995712,Matterdawn,Torres
1247215,Harsaw,Vestal
1069210,Matterdawn,Vestal
1844955,Harsaw,Vestal
1630894,Harsaw,Vestal
1967004,Mershville,Vestal
1378089,Porpus,Seth
1633123,Matterdawn,Torres
1647203,Matterdawn,Seth
1357400,Matterdawn,Torres
1734418,Harsaw,Vestal
1537432,Harsaw,Seth
1451159,Matterdawn,Torres
1055695,Porpus,Torres
1230945,Matterdawn,Torres
1672714,Harsaw,Vestal
1399044,Harsaw,Vestal
1501116,Mershville,Vestal
1364520,Harsaw,Vestal
1585714,Matterdawn,Vestal
1125674,Harsaw,Torres
1355180,Harsaw,Vestal
1260031,Harsaw,Vestal
1771841,Harsaw,Torres
1425962,Matterdawn,Vestal
1799019,Harsaw,Torres
1884318,Matterdawn,Torres
1061969,Matterdawn,Torres
1591748,Harsaw,Torres
1090856,Mershville,Torres
1885218,Harsaw,Torres
1801495,Matterdawn,Torres
1296055,Porpus,Torres
1738226,Harsaw,Torres
1337417,Harsaw,Torres
1523233,Mershville,Vestal
1199290,Harsaw,Torres
1390733,Matterdawn,Torres
1676285,Harsaw,Vestal
1044572,Harsaw,Vestal
1730511,Harsaw,Seth
1752839,Porpus,Torres
1631790,Harsaw,Vestal
1612819,Harsaw,Vestal
1529672,Matterdawn,Vestal
1857352,Harsaw,Vestal
1294093,Mershville,Vestal
1693757,Porpus,Vestal
1754335,Mershville,Vestal
1435215,Matterdawn,Vestal
1347799,Matterdawn,Vestal
1441132,Matterdawn,Torres
1995162,Harsaw,Torres
1319351,Harsaw,Vestal
1753559,Arrent,Seth
1859031,Harsaw,Torres
1241909,Matterdawn,Vestal
1920648,Harsaw,Torres
1196474,Harsaw,Torres
1833071,Harsaw,Vestal
1908431,Arrent,Torres
1638239,Harsaw,Torres
1554370,Mershville,Vestal
1142582,Matterdawn,Torres
1861426,Harsaw,Vestal
1376279,Harsaw,Torres
1481028,Mershville,Seth
1831643,Matterdawn,Vestal
1425568,Harsaw,Vestal
1133900,Harsaw,Torres
1482640,Mershville,Vestal
1314414,Harsaw,Vestal
1965435,Harsaw,Vestal
1642671,Mershville,Vestal
1393189,Harsaw,Torres
1606945,Matterdawn,Vestal
1145335,Matterdawn,Vestal
1543097,Matterdawn,Torres
1899415,Porpus,Vestal
1944684,Porpus,Torres
1480320,Matterdawn,Torres
1919022,Arrent,Torres
1633249,Matterdawn,Vestal
1831988,Matterdawn,Torres
1549868,Harsaw,Vestal
1390967,Harsaw,Vestal
1833276,Mershville,Vestal
1048801,Arrent,Vestal
1833583,Matterdawn,Torres
1747260,Harsaw,Vestal
1292162,Harsaw,Torres
1444866,Harsaw,Vestal
1490138,Harsaw,Torres
1949131,Mershville,Torres
